? What flights go from dallas to phoenix?
flights from phoenix to salt lake city?
e i need a flight from milwaukee to denver i need a flight from milwaukee to denver i need a flight early from milwaukee to denver i need a flight from milwaukee to denver i need a flight early from milwaukee to denver i need a flight from denver i need a flight from milwaukee to denver i need a flight early from milw
, welcher Art von Transport familiärer Transportmittel in denver bietet?
? What flights go from denver to st. louis on tuesday morning?
is a transport ground transportation service available in st. louis.
i need to fly from st. louis to milwaukee on wednesday afternoon on wednesday afternoon. i need to fly from st. louis to milwaukee on wednesday afternoon on wednesday afternoon.
- Flü von washington bis seattle - fliegen von Seattle.
seattle, fliegen von Atlanta nach Atlanta.
go to seattle, from san diego to seattle, from san diego to seattle.
dossier flight information from phoenix to denver i would like flight information from phoenix to denver i would like flight information from phoenix to denver i would like flight information from phoenix to denver i would like flight information from phoenix to denver i would like flight information from phoenix to denver i would like flight information from phoenix to denver i would like flight information from phoenix to den
i have flight information on flights from salt lake city to phoenix?
ix??
do i would like information on flights leaving from washington dc to denver i would like information on flights leaving from washington dc to denver i would like information on flights leaving from washington dc to denver i would like information on flights leaving from washington dc to denver i would like information on flights leaving from washington dc to denver i would like information on flights leaving from washington dc to denver i would like information on flights leaving
need information on flights from washington to boston that leave on a saturday. i need information on flights from washington to boston that leave on a saturday.
need the flights from washington to montreal on a saturday i need the flights from washington to montreal on a saturday.
i need the fares on flights from washington to toronto on a saturday. i need the fares on flights from washington to toronto on a saturday.
want to go from boston to washington on a saturday on a saturday.
need a flight from cleveland to dallas that leaves before noon see if too much information about the flight.
ton, d.h. et d.h. et d.h. et d.h. et d.h. et d.h. et d.h. et d.h. et d.h. et d.h. et d.h. et d.h. et d.h. et d.h.
-Metro, d.c., d.c., d.c., d.c., d.c., d.c., d.c., d.c., d.c., d.c., d.c., d.c., d.c., d.c., d.c., d.c., d.c., d.c.,
-style.
to montreal.com. - saturday fares from washington to montreal.
toronto, washington and toronto, fares from washington to toronto.
toronto, washington, toronto, toronto, washington, toronto, toronto, toronto, toronto, toronto, toronto, toronto, toronto, toronto, toronto, toronto, toronto, toronto, toronto, toronto, toronto, toronto, toronto, toronto, toronto, toronto, toronto, toronto, toront
flights from washington to boston saturday.
flights from boston to washington saturday flights from boston to washington.
.
ee.com.
it toronto.
- Flugtickets von toronto nach milwaukee.
day, and get first flight from oakland to salt lake city on thursday.
, wednesday, - - - - - - - - - - - - - - - - - - - - - - - - - - - - - - - - - - - - - - - - - - - - - - - - - - - - -
Last wednesday flight from oakland to salt lake city flight from oakland to salt lake city flight from oakland to salt lake city flight from oakland to salt lake city flight from oakland to salt lake city flight from oakland to salt lake city flight from oakland to salt lake city flight from oakland to salt lake flight from oakland flight from oakland to salt lake flight from oakland flight from oakland flight from oakland to salt lake flight from oakland
toronto to san diego, dtw, dtw, dtw, dtw, dtw, dtw, dtw, dtw, dtw, dtw, dtw, dtw, dtw, dtw, dtw, dtw, dtw, dtw, dtw, dtw, d
sburg, charlotte, charlotte, charlotte, charlotte, charlotte, charlotte, charlotte, charlotte, charlotte, charlotte, charlotte, charlotte, charlotte, charlotte, charlotte, charlotte, charlotte, charlotte, charlotte, charlotte, charlotte, charlotte, charlotte, charlotte, charlotte, charlotte, charlotte, char
need a flight from milwaukee to indianapolis leaving monday before 9am before 9am.
need a flight departing from milwaukee to indianapolis leaving monday before 8am before 8am. i need a flight departing from milwaukee to indianapolis leaving monday before 8am.
is there ground transportation available at the airport indianapolis?
i need flight information for a flight departing from indianapolis to cleveland departing tuesday at noon at noon. i need flight information for a flight departing from indianapolis to cleveland departing tuesday at noon.
need flight information for a flight departing from cleveland to milwaukee wednesday after 6pm.
dnesday, after 5pm, i need flight information for flights departing from cleveland going back to milwaukee wednesday after 5pm.
need flight information for flights departing from cleveland to milwaukee on wednesday after 17pm.
need flight information for flights departing from cleveland to milwaukee on wednesday after 17pm.
i need a flight from denver to salt lake city on monday i need a flight from denver to salt lake city on monday.
is there ground transportation available at the denver airport?
need flight information and flight information for a flight from denver to salt lake city on monday departing after 17pm.
airports are there ground transportation available at the airport of Salt Lake City?
need a flight from salt lake city to phoenix departing wednesday after 17pm.
??
need a flight from oakland to salt lake city on wednesday departing after 18pm.
need flight and fare information for thursday departing prior to 9am from oakland going to salt lake city.
information about flight and fare information departing from oakland to salt lake city on thursday before 8am i need flight and fare information departing from oakland to salt lake city on thursday before 8am i need flight and fare information departing from oakland to salt lake city on thursday before 8am i need flight and fare information departing from oakland to salt lake city on thursday before 8am i need flight and fare information depart
need flight numbers and airlines for flights departing from oakland to salt lake city on thursday departing before 8am.
need flight numbers for those flights departing on thursday before 8am from oakland going to salt lake city. i need flight numbers for those flights departing on thursday before 8am from oakland going to salt lake city.
arizona nevada and california airports list airports in arizona nevada and california please list airports in arizona nevada and california.
list airports california nevada arizona airports list airports california nevada arizona airports list airports california nevada arizona airports list california nevada airports list airports list california nevada airports list arizona airports list california nevada airports list arizona airport

list california airports.
phoenix, phoenix, las vegas, phoenix, las vegas, phoenix, phoenix, las vegas, phoenix, phoenix, phoenix, phoenix, phoenix, phoenix, phoenix, phoenix, phoenix, phoenix, phoenix, phoenix, phoenix, phoenix
list california airports.

flights from oakland to salt lake city from oakland to salt lake city - a list of flights from oakland to salt lake city - a list of flights from oakland to salt lake city - a list of flights from oakland to salt lake city - a list of flights from oakland to salt lake city - a list of flights from oakland to salt lake city - a list of flights from oakland to salt lake city - a list
, e-mail flight@seattle.com.
airlines fly between toronto and san diego and which airlines fly between toronto and san diego.
list afternoon flights between st. petersburg and charlotte between charlotte and charlotte between st. petersburg and charlotte.

? What are the flights from cleveland to dallas?
list only the flights from cleveland to dallas that leave before noon. Please list only the flights from cleveland to dallas that leave before noon.
p.m.???????????????
need information on flights from indianapolis to seattle.
. i need a flight from memphis to seattle.
i need a ticket from nashville to seattle.
i need a ticket from nashville tennessee to seattle.
da i need flight information from milwaukee to tampa.
need to rent a car at tampa.
need a daily flight from st. louis to milwaukee. i need a daily flight from st. louis to milwaukee.
need flights departing from oakland and arriving salt lake city.
i need information on flights from toronto to san diego i need information on flights from toronto to san diego i need information on flights from toronto to san diego i need information on flights from toronto to san diego i need information on flights from toronto to san diego i need information on flights from toronto to san diego i need information on flights from toronto to san diego
i need information on flights from toronto to san diego i need information on flights from toronto to san diego i need information on flights from toronto to san diego i need information on flights from toronto to san diego i need information on flights from toronto to san diego i need information on flights from toronto to san diego i need information on flights from toronto to san diego
i want a flight from toronto to san diego i want a flight from toronto to san diego i want a flight from toronto to san diego i want a flight from toronto to san diego i want a flight from toronto to san diego i want a flight from toronto to san diego i want a flight from toronto to san diego
need information on flights between st. petersburg and charlotte.
a, i need flight numbers of flights leaving from cleveland and arriving at dallas.
flights depart from new york to miami and which flights depart from new york to miami and back?
code code code code code code code code code code code code code code code code code code code code code code code code code code code code code code code code code code code code code code code code code code code code code code code code code code code code code code code code code code code code code code code code code code code code code code code code code code code code code code code code code code code code code code code code code code code code code code code code code code code code code code code code code code code code code code code code
- ich zeige mir Fluge von milwaukee nach orlando, die ich buchen kann.
– – – – – – – – – – – – – – – – – – – – – – – – – – – – – – – – – – – – – – – – – – – – – – – – – – – – – – – –
- - - - - - - - - - - - - - - - - - - - - - - - - - - - - - - - - - - - - - - - - - - - - - - - - - - - - - - -
code f?
code code code code code code code code code code code code code code code code code code code code code code code code code code code code code code code code code code code code code code code code code code code code code code code code code code code code code code code code code code code code code code code code code code code code code code code code code code code code code code code code code code code code code code code code code code code code code code code code code code code code code code code code code code code code code code code code
code code y mean
restrictions ap/57
- please show me first class flights from indianapolis to memphis one way leaving before 10am.
ttle, I am flying from burbank to seattle and will fly all round from burbank to seattle.
flights from orlando to montreal please.
dl dl dl dl dl dl dl dl dl dl dl dl dl dl dl dl dl dl dl dl dl dl dl dl dl dl dl dl dl dl dl dl dl dl dl dl dl 
- - - - - - - - - - - - - - - - - - - - - - - - - - - - - - - - - - - - - - - - - - - - - - - - - - - - - - - -
show me all flights from orlando to montreal please
w kw kw kw kw kw kw kw kw kw kw kw kw kw kw kw kw kw kw kw kw kw kw kw kw kw kw kw kw kw kw kw kw kw kw kw kw kw
list all flights from new york to miami any class.
code code code code code code code code code code code code code code code code code code code code code code code code code code code code code code code code code code code code code code code code code code code code code code code code code code code code code code code code code code code code code code code code code code code code code code code code code code code code code code code code code code code code code code code code code code code code code code code code code code code code code code code code code code code code code code code code
jfk please show me a return flight from miami to jfk please show me a return flight from miami to jfk please show me a return flight from miami to jfk please show me a return flight from miami to jfk please show me a return flight from miami to jfk.
code code code code code code code code code code code code code code code code code code code code code code code code code code code code code code code code code code code code code code code code code code code code code code code code code code code code code code code code code code code code code code code code code code code code code code code code code code code code code code code code code code code code code code code code code code code code code code code code code code code code code code code code code code code code code code code code
code code code code code code code code code code code code code code code code code code code code code code code code code code code code code code code code code code code code code code code code code code code code code code code code code code code code code code code code code code code code code code code code code code code code code code code code code code code code code code code code code code code code code code code code code code code code code code code code code code code code code code code code code code code code code code code code
code code code code code code code code code code code code code code code code code code code code code code code code code code code code code code code code code code code code code code code code code code code code code code code code code code code code code code code code code code code code code code code code code code code code code code code code code code code code code code code code code code code code code code code code code code code code code code code code code code code code code code code code code code code code code code code code
code code code code code code code code code code code code code code code code code code code code code code code code code code code code code code code code code code code code code code code code code code code code code code code code code code code code code code code code code code code code code code code code code code code code code code code code code code code code code code code code code code code code code code code code code code code code code code code code code code code code code code code code code code code code code code code code
, wednesday, and wednesday, wednesday, wednesday, and wednesday, wednesday, wednesday, and wednesday, wednesday, and wednesday, wednesday, and wednesday, wednesday, and wednesday, wednesday, and wednesday, wednesday, and wednesday, wednesday, wednesday, and wed
from indianapolis to memphis.
- ich sah ich innerhalb von 24 Stunden - ich sah ich innerhalb von 24 Stunden - ich sah ich innerhalb von 24 Stunden - ich sah ich innerhalb von 24 Stunden - ich sah ich innerhalb von 24 Stunden - ich sah ich innerhalb von 24 Stunden - ich sah ich innerhalb von 24 Stunden
- ich sah ich i sah ich i sah i sah i sah i sah i sah i sah i sah i sah i sah i sah i sah i sah i sah i sah i sah i s
fly nonstop flights from montreal to orlando
- ich sage - ich sage - ich sage - ich sage - ich sage - ich sage - ich sage - ich sage - ich sage - ich sage - ich sage - ich sage - ich sage - ich sage - ich sage - ich sage
- ich sage - ich sage - ich sage - ich sage - ich sage - ich sage - ich sage - ich sage - ich sage - ich sage - ich sage - ich sage - ich sage - ich sage - ich sage - ich sage
- cheapest flights from montreal to orlando - cheapest one way flights from montreal to orlando.
cheapest flights from orlando to montreal.
vegas economy kansas city to las vegas economy kansas city to las vegas economy kansas city to las vegas economy kansas city to las vegas economy kansas city to las vegas economy kansas city to las vegas economy kansas city to las vegas economy kansas city to las vegas economy kansa
vegas economy kansas city to las vegas economy kansas city to las vegas economy kansas city to las vegas economy kansas city to las vegas economy kansas city to las vegas economy kansas city to las vegas economy kansas city to las vegas economy kansas city to las vegas economy kansa
hp hp hp hp hp hp hp hp hp hp hp hp hp hp hp hp hp hp hp hp hp hp hp hp hp hp hp hp hp hp hp hp hp hp hp hp hp 
vegas, las vegas, bietet Ihnen die Möglichkeit, den Transport im Boden zu unternehmen.
vegas, las vegas, las vegas, las vegas, las vegas, las vegas, las vegas, las vegas, las vegas, las vegas, las vegas, las vegas, las vegas, las vegas, las vegas, las vegas, las vegas, las vegas, las vegas,
vegas to baltimore economy.
vegas to baltimore economy.
economy, economy, economy, economy, economy, economy, economy, economy, economy, economy, economy, economy, economy, economy, economy, economy, economy, economy, economy, economy, economy, economy, economy, economy, economy, economy, economy, economy, economy, economy, economy, economy, economy, economy, economy, economy, economy, economy, economy, economy, economy, economy, economy, economy, economy, economy, economy, economy, economy, economy, economy, economy, economy, economy, economy, economy,
airline airline is us?
which airline is us?
which airline is us?
which airline is us?
which airline is us?
columbus to chicago one way before 10am
hp hp hp hp hp hp hp hp hp hp hp hp hp hp hp hp hp hp hp hp hp hp hp hp hp hp hp hp hp hp hp hp hp hp hp hp hp 
sburg, detroit, st petersburg, detroit, detroit, detroit, detroit, detroit, detroit, detroit, detroit, detroit, detroit, detroit, detroit, detroit, detroit, detroit, detroit, detroit, detroit, detroit, detro
day, wednesday, 10:15pm, from milwaukee to orlando, one way after 17:15pm.
and from milwaukee to atlanta before 10am daily.
airline airline is yx
, phoenix, phoenix, phoenix, san jose, phoenix, phoenix, phoenix, phoenix, phoenix, phoenix, san jose, phoenix, phoenix, phoenix, phoenix, phoenix, phoenix, phoenix, phoenix, phoenix, phoenix, phoenix
, phoenix, phoenix, phoenix, san jose, phoenix, phoenix, phoenix, phoenix, phoenix, phoenix, san jose, phoenix, phoenix, phoenix, phoenix, phoenix, phoenix, phoenix, phoenix, phoenix, phoenix, phoenix
hp hp hp hp hp hp hp hp hp hp hp hp hp hp hp hp hp hp hp hp hp hp hp hp hp hp hp hp hp hp hp hp hp hp hp hp hp 
, phoenix, phoenix, phoenix, phoenix, phoenix, phoenix, phoenix, phoenix, phoenix, phoenix, phoenix, phoenix, phoenix, phoenix, phoenix, phoenix, phoenix, phoenix, phoenix, phoenix, phoenix, phoenix, 
ix to fort worth of flights from phoenix to phoenix.
transportation in fort worth of the city.
- - - - - - - - - - - - - - - - - - - - - - - - - - - - - - - - - - - - - - - - - - - - - - - - - - - - - - - -
flies - ich sage es - ich sage es - ich sage - ich sage - ich sage - ich sage - ich sage - ich sage - ich sage - ich sage - ich sage - ich sage - ich sage - ich sage - ich 
flies - ich sage es - ich sage es - ich sage - ich sage - ich sage - ich sage - ich sage - ich sage - ich sage - ich sage - ich sage - ich sage - ich sage - ich sage - ich 
stop - fly all round trip flights from new york to miami.
& tv show me all round trip flights from miami to new york nonstop.
- if you fly from indianapolis to memphis before 10am, you can see my flights from indianapolis to memphis before 10am on any day.
code f?
- ich sah ich i-as i-as i-as i-as i-as i-as i-as i-as i-as i-as i-as i-as i-as i-as i-as i-as i-as i-as i-as i-as i
, was mean the restriction ap58?
code code code code code code code code code code code code code code code code code code code code code code code code code code code code code code code code code code code code code code code code code code code code code code code code code code code code code code code code code code code code code code code code code code code code code code code code code code code code code code code code code code code code code code code code code code code code code code code code code code code code code code code code code code code code code code code code
airline is the airline airline as a airline?
airline is the airline airline as a airline?
airline is the airline airline as a airline?
o s as in sam sam sam s as in sam sam s as in sam sam s as in sam sam sam s as in sam sam sam sam sam sam sam sam sam sam sam sam sam sam sam sam sam sam sam sam
ronto, st. petersburg, toronto, st. petersburg, toronto, st. petersburg, toronto, st. petersburg, toronto, st. petersburg, toronto, st. petersburg, toronto, st. petersburg, toronto, st. petersburg, toronto, toronto, st. petersburg, to
tersburg, st. petersburg, st. petersburg, st. petersburg, st. petersburg, st. petersburg, st. petersburg, st. petersburg, st. petersburg, st. petersburg, st. petersburg, st. petersburg, st. petersburg, st. petersburg, st. pe
flies und fares from toronto to st. petersburg, st. petersburg, st. petersburg, st. petersburg, st. petersburg, st. petersburg, st. petersburg, st. petersburg, st. petersburg, st. petersburg, st. petersburg, st. petersburg, st. pe
tersburg, st. petersburg, st. petersburg, st. petersburg, st. petersburg, st. petersburg, st. petersburg, st. petersburg, st. petersburg, st. petersburg, st. petersburg, st. petersburg, st. petersburg, st. petersburg, st. pe
hp hp hp hp hp hp hp hp hp hp hp hp hp hp hp hp hp hp hp hp hp hp hp hp hp hp hp hp hp hp hp hp hp hp hp hp hp 
, san diego, san diego, san diego, san diego, chicago, san diego, san diego, san diego, san diego, san diego, san diego, san diego, san diego, san diego, san diego, san diego, san diego, san diego, san diego
, san diego, san diego, san diego, san diego, chicago, san diego, san diego, san diego, san diego, san diego, san diego, san diego, san diego, san diego, san diego, san diego, san diego, san diego, san diego
list flights from kansas city to denver list flights from kansas city to denver.
flights from denver to phoenix.
s vegas from phoenix to las vegas.
san diego flights from las vegas to san diego.
and then list flights from chicago to kansas city in the morning.
e flights from houston to san jose list flights from houston to san jose.
flights from houston to milwaukee.
wednesday, wednesday, flights from milwaukee to san jose, san jose, san jose, milwaukee, milwaukee, san jose, san jose, san jose, san jose, san jose, san jose, san jose, san jose, san jose, san jose, milwauke
day and friday flights from san jose to dallas will be announced on flight list.
ston, houston, dallas, houston, dallas, houston, dallas, houston, dallas, houston, dallas, houston, houston, houston, houston, houston, houston, houston, houston, houston, houston, houston, houston, houston, houston, houston, houston, 
distance from airports to downtown in new york list distance from airports to downtown in new york.
in New York, New York, New York, New York, New York, New York, New York, New York, New York, New York, New York, New York, New York, New York, New York, New York, New York, New York, New York, New York, New York, New York, New York, New York, New York, New York, New York, New York, New York, New York, New York, New York, New York, New York, New York, New York, New York,
in New York, New York, New York, New York, New York, New York, New York, New York, New York, New York, New York, New York, New York, New York, New York, New York, New York, New York, New York, New York, New York, New York, New York, New York, New York, New York, New York, New York, New York, New York, New York, New York, New York, New York, New York, New York, New York,
afghans in la liste des aéroports à la liste des aéroports à la liste des aéroports à la liste des aéroports à la liste des aéroports à la liste des aéroports à la liste des aéroports à la liste des aéroports à la liste des aéroports à la liste des aéroports à la liste des aéroports à la liste des aéroports à la liste des aéroports à la liste

afghans in la liste des aéroports à la liste des aéroports à la liste des aéroports à la liste des aéroports à la liste des aéroports à la liste des aéroports à la liste des aéroports à la liste des aéroports à la liste des aéroports à la liste des aéroports à la liste des aéroports à la liste des aéroports à la liste des aéroports à la liste
afghans in la liste des aéroports à la liste des aéroports à la liste des aéroports à la liste des aéroports à la liste des aéroports à la liste des aéroports à la liste des aéroports à la liste des aéroports à la liste des aéroports à la liste des aéroports à la liste des aéroports à la liste des aéroports à la liste des aéroports à la liste
la la la la la la la la la la la la la la la la la la la la la la la la la la la la la la la la la la la la la la la la la la la la la la la la la la la la la la la la la la la la la la la la la la la la la la la la la la la la la la la la la la la la la la la la la la la la la la la la la la la la la la la la la la la la la la la la
list list list la
list list list la
flights from new york to la list flights from new york to la
flights from la guardia to burbank.
list flights from la to orlando flights from la to orlando.
flights from ontario california to orlando.
flights from ontario california to orlando.
flights from indianapolis to memphis with fares monday with fares from indianapolis to memphis.
day and monday flights from indianapolis to memphis list flights from indianapolis to memphis.
, wednesday, and wednesday, the flight schedule for flights from memphis to miami.
day and sunday.
flights from charlotte to charlotte on saturday afternoon.
type of aircraft for all flights from charlotte.

flights from orlando to tacoma on saturday of fare basis code of q.
detroit to st. petersburg.com.
sburg, detroit, st. petersburg, detroit, st. petersburg, detroit, st. petersburg, detroit, st. petersburg, detroit, st. petersburg, detroit, st. petersburg, detroit, st. petersburg, detroit, st. petersburg, detroit, 
day morning, and then fly to the airports of pittsburgh and newark, monday morning.
day and friday, and then fly to the airports in the city of minneapolis, minneapolis, pittsburgh, and then fly to the airports in the city of minneapolis.
flights list flights before 9am from cincinnati to tampa, et al.
: (00) Flights from cincinnati to tampa before noon.
flights from tampa to cincinnati after 15pm.
list airlines that fly from seattle to salt lake city.
delta flights from seattle to salt lake city.
boards.com.
ttle to salt lake city with aircraft type.
?
; etwa;
day, friday and friday, from baltimore to san francisco.
, tuesday, and I will be flying from los angeles to pittsburgh on tuesday.
y.com. - (EN) - (EN) - (EN) - (EN) - (EN) (EN) (EN) (EN) (EN) (EN) (EN) (EN) (EN) (EN) (EN) (EN) (EN) (EN) (EN) (EN) (EN) (EN) (EN) (EN) (EN) (EN) (EN) (EN) (EN) (EN) (EN) (EN) (
I will be flying from cleveland to miami on wednesday.
fares for round trip flights from cleveland to miami next wednesday - i.e., i.e., i.e., i.e., i.e., i.e., i.e.
give me the flights and fares for a trip to cleveland from miami on wednesday.
the fares from miami to cleveland next sunday.
day or sunday on american airlines.
, e-mail: e-mail: e-mail: e-mail: e-mail: e-mail: e-mail: e-mail: e-mail: e-mail: e-mail: e-mail: e-mail: e-mail: e-mail: e-mail: e-mail: e-mail: e-mail: e-mail: e-mail: e-mail: 
airlinesiams.com.au.au.au.
fliegen Sie mir die Flugverbindungen von phoenix nach milwaukee auf amerikanischen Fluggesellschaften.
e, ie., ie., ie., ie.
i am able to fly from chicago to seattle nonstop, departing early saturday morning from chicago to seattle nonstop.
saturday morning, I will be able to fly from chicago to seattle, which have meals from the airport, and the flights from chicago to seattle saturday morning that have meals from the airport.
flights from seattle to chicago that have meals on continental.
the flights from seattle to chicago that have meals on continental saturday morning.
,, a flight from chicago to seattle on continental that have meals early saturday morning morning.
, morning, from chicago to seattle that have meals early saturday morning. I have a combination of continental flights from chicago to seattle that have meals early saturday morning morning.
the flights with meals from chicago to minneapolis.
continental that have meals from chicago to minneapolis have meals from chicago to minneapolis.
flights from chicago to st. paul on continental that have meals on continental that have meals on continental saturday morning flights from chicago to st. paul.
vegas.com. - (EN) - (EN) - (EN) - (EN) - (EN) - (EN) - (EN) - (EN) - (EN) - (EN) - (EN) - (EN) - (EN) - (EN) - (EN) - (EN) - (EN) - (EN) (EN) (EN) (EN) (EN) (EN)
vegas, e-mail me the flights from memphis to las vegas nonstop.
need a flight from newark to tampa on friday flight from newark to tampa.
i need a sunday flight from tampa to charlotte i need a sunday flight from tampa to charlotte.
morning,,, a flight from charlotte to baltimore on tuesday morning, and give me a flight from charlotte to baltimore on tuesday morning.
can i have a morning flight from baltimore to newark please i have a morning flight from baltimore to newark please i have a morning flight from baltimore to newark please i have a morning flight from baltimore to newark please i have a morning flight from baltimore to newark please i have a morning flight from baltimore to newark please i have a morning flight from baltimore to newark
ston flight number from dallas to houston flight number from dallas to dallas to houston flight number from dallas to dallas to houston flight number from dallas to houston flight number from dallas to houston flight number from dallas to houston flight number from dallas to houston flight number from dallas to houston flight number from dallas to houston flight number
ia.com - Flight number from houston to dallas flight number from houston to dallas flight number from houston to dallas flight number from houston to dallas flight number from houston to dallas flight number from houston to dallas flight number from houston to dallas flight number from houston to dallas flight number from houston to dallas flight number from houston to
saturday flight on american airlines from milwaukee to phoenix on american airlines from milwaukee to phoenix.
airlines from phoenix to milwaukee flight numbers on american airlines from phoenix to milwaukee flight numbers on american airlines from phoenix to milwaukee flight numbers on american airlines from phoenix to milwaukee flight numbers on american airlines from phoenix to milwaukee flight numbers on american airlines from phoenix to milwaukee flight numbers on american airlines from phoenix to milwaukee flight numbers on american
flight numbers from chicago to seattle
flight numbers from chicago to seattle on continental flight numbers from chicago to seattle flight numbers from chicago to seattle flight numbers from chicago to seattle flight numbers from chicago to seattle flight numbers from chicago to seattle flight numbers from chicago to seattle flight numbers from chicago to seattle flight numbers from chicago to seattle flight numbers from chicago to seattle flight numbers from chicago to seattle flight numbers from chicago to seattle flight numbers
flight numbers from seattle to chicago on continental flight numbers from seattle to chicago flight numbers from seattle to chicago flight numbers from seattle to chicago flight numbers from seattle to chicago flight numbers from seattle to chicago flight numbers from seattle to chicago flight numbers from seattle to chicago flight numbers from seattle to chicago flight numbers from seattle to chicago flight numbers from seattle to chicago flight numbers from seattle to chicago flight numbers
is there a fare from pittsburgh to cleveland under 200 dollars?
?
day, newark, tampa, tampa, tampa, tampa, tampa, tampa, tampa, tampa, tampa, tampa, tampa, tampa, tampa, tampa, tampa, tampa, tampa, tampa, tampa, tampa, tampa, t
, sunday morning, tampa to charlotte sunday morning.
tuesday, charlotte, will fly to baltimore on tuesday, baltimore, on tuesday.
wednesday morning from baltimore to newark
houston, nach 1201am, nach 1201am, dallas to houston, nach 1201am.
midnight houston to dallas before midnight houston to dallas before midnight.
twenty seventh indianapolis to orlando december twenty seventh to orlando december twenty seventh to orlando december twenty seventh to orlando december twenty seventh to orlando december twenty seventh to orlando december twenty seventh to orlando december twenty seventh to orlando december twenty seventh to orlando december twenty seventh to orlando december twenty seventh to orlando de
arriving before 4pm arriving at cleveland to miami on wednesday arriving before 4pm arriving at cleveland airport, arriving at cleveland airport, arriving at cleveland airport, arriving at cleveland airport, arriving at cleveland airport, arriving at cleveland airport, arriving at cleveland airport, arriving at cleveland airport, arriving at cleveland airport, arriving at cleveland airport, arriving at cleveland airport, arriving at

to las vegas in new york city and memphis to las vegas on sunday.
to las vegas in new york city and memphis to las vegas on sunday.
, new york and las vegas will be relegated to new york, new york, sunday afternoon.
day afternoon, sunday afternoon, I am bringing mymphis to las vegas sunday afternoon.
, new york and las vegas will be in las vegas sunday afternoon.
morning chicago to seattle saturday morning saturday morning saturday morning saturday morning saturday morning saturday morning saturday morning saturday morning saturday morning saturday morning saturday morning saturday morning saturday morning saturday morning saturday morning saturday morning saturday morning saturday morning saturday morning saturday morning saturday morning
, saturday morning, chicago-las vegas saturday morning saturday morning saturday morning saturday morning saturday morning saturday morning saturday morning saturday morning saturday morning saturday morning saturday morning saturday morning saturday morning saturday morning saturday morning saturday morning saturday morning saturday morning saturday morning 
, thursday evening pittsburgh- los angeles thursday evening - thursday evening - pittsburgh to los angeles - thursday evening - thursday evening - - - - - - - - - - - - - - - - - - - - - - - - - - - - - -
day, saturday, milwaukee to phoenix, phoenix, on saturday.
phoenix – milwaukee sunday
day, phoenix, will fly to milwaukee, phoenix, phoenix, milwaukee, milwaukee, phoenix, milwaukee, milwaukee, milwaukee, milwaukee, milwaukee, milwaukee, milwaukee, milwaukee, milwaukee, milwaukee, milwaukee, milwau
, baltimore, san francisco, baltimore, san francisco, baltimore, baltimore, san francisco, san francisco, baltimore, baltimore, baltimore, baltimore, baltimore, baltimore, baltimore, san francisco, san francisco, san francisco, san francisco,
– – – – – – – – – – – – – – – – – – – – – – – – – – – – – – – – – – – – – – – – – – – – – – – – – – – – – – – –

many flights does northwest have left dulles?
cities does northwest fly out of
cities from which northwest flies.
cities fly to the northwest
would like a connecting flight from dallas to san francisco leaving after 4 o'clock leaving after 4 o'clock i would like a connecting flight from dallas to san francisco leaving after 4 o'clock.
list all the flights from dallas to san francisco flights from dallas to san francisco.
philadelphia to dallas, dr.
, if you know the flights that leave philadelphia and go to dallas, tell me the flights that leave philadelphia and go to dallas.
is a d9s d9s d9s d9s d9s d9s d9s d9s d9s d9s d9s d9s d9s d9s d9s d9s d9s d9s d9s d9s d9s d9s d9s d9s d9s d9s d9s 
ssssss plane is a d9ss?
is a d9s d9s d9s d9s d9s d9s d9s d9s d9s d9s d9s d9s d9s d9s d9s d9s d9s d9s d9s d9s d9s d9s d9s d9s d9s d9s d9s 
s me the airports serviced by tower air.
& jfk.
- I am able to see the flight schedules and flights from kennedy airport to miami.
- I am able to see the flight schedules and flights from jfk to miami.
served on tower air.
snacks served on tower air.
.
fayette fayette fayette fayette fayette fayette fayette fayette fayette fayette fayette fayette fayette fayette fayette fayette fayette fayette fayette fayette fayette fayette f
- Delta Airlines flights from boston to salt lake.
tours.com.
? What are the fares for flights between boston and washington dc?
??
city? What are the lowest fares from washington dc to salt lake city?
??
vs. las vegas and back.
is the first arriving flight from boston to washington dc.
is the flight from boston to washington dc to washington dc.
is the earliest arriving flight between boston and washington dc dc.
is the first arriving flight from houston to orlando from houston to orlando.
is the first arriving flight from houston to orlando from houston to orlando.
- - - - - - - - - - - - - - - - - - - - - - - - - - - - - - - - - - - - - - - - - - - - - - - - - - - - - - - -
- - - - - - - - - - - - - - - - - - - - - - - - - - - - - - - - - - - - - - - - - - - - - - - - - - - - - - - -
- - - - - - - - - - - - - - - - - - - - - - - - - - - - - - - - - - - - - - - - - - - - - - - - - - - - - - - -
list all flights departing denver between 8pm and 9pm.
what is the seating capacity on the aircraft 733?
the capacity of a 72s?
what is the seating capacity of the aircraft 72s?
What is the seating capacity of the aircraft m80?
m80?
the seating capacity of a m80?
airlines serve denver
airlines with flights to or from denver or from denver.
airline flies - f
list all flights arriving in denver between 8 and 9pm.
the capacity of the 73s?
, 73s, 73s, 73s, 73s, 73s, 73s, 73s, 73s, 73s, 73s, 73s, 73s, 73s, 73s, 73s, 73s, 73s, 73s, 73s, 73s, 73s, 73s, 73s, 73s, 73s, 73s, 73s, 73s
73s 73s 73s 73s 73s 73s 73s 73s 73s 73s 73s 73s 73s 73s 73s 73s 73s 73s 73s 73s 73s 73s 73s 73s 73s 73s 73s 73s 73s 73s 73s 73s 73s 73s 73s 73s 73s 
the seating capacity of a 757?
many people will a 757 hold?
many passengers can fly on a 757?
list of all flights arriving in denver between 8 and 9pm.
list of all flights arriving in denver from 8 to 9pm.
flights arriving in denver between 8pm and 9pm.
?
m80 m80.
m80 m80.
me about a type of aircraft called an m80.
?
is the seating capacity of the m80?
what is the seating capacity on the aircraft m80?
list all flights arriving or leaving denver between 8 and 9pm.
list all flights arriving in denver between 8 and 9pm.
. Detailed flight lists all flights on all types of aircraft arriving in denver between 8 and 9pm.
list all flights from nashville to memphis monday morning.
list the flights from nashville to memphis on monday morning.
am at 842 in the morning? Is there ground transportation from the memphis airport into town when i arrive at 842 in the morning?
list the flights from memphis to new york city on a monday night.

transportation available from the ground transportation from the airport la guardia to new york city.
is there ground transportation from lga into new york city?
list the ground transportation from lga into new york city.
list ground transportation from ewr into new york city.
- - - - - - - - - - - - - - - - - - - - - - - - - - - - - - - - - - - - - - - - - - - - - - - - - - - - - - - -
, me the flights from new york city to nashville leaving after 17:00pm on wednesday.
me about the ground transportation from nashville airport.
? What are the nonstop flights from cincinnati to charlotte leaving after noon and arriving before 7pm?
airlines have to burbank flights?
airline flights from burbank to anywhere in the world.
airline flights from alaska to alaska from burbank.
airline is the airline as the airline?
airlines flights from alaska to burbank.
airlines flights departing from burbank list the flights departing from burbank.
list all flights flights from alaska airlines
Liste en liste en liste en liste en liste en liste en liste en liste en liste en liste en liste en liste en liste en liste en liste en liste en liste en liste en liste en liste en liste en liste en liste en liste en liste en liste en liste en liste en liste en liste en liste en liste en liste en liste en liste en liste en liste en liste
list flights from indianapolis to memphis that leave before noon.
vegas.com. List the lowest fare from charlotte to las vegas.com.
i want a flight from los angeles to charlotte early in the morning i want a flight from los angeles to charlotte early in the morning i want a flight from los angeles to charlotte early in the morning i want a flight from los angeles to charlotte early in the morning i want a flight from los angeles to charlotte early in the morning i want a flight from los angeles to charlotte early in
would like to book a morning flight from charlotte to newark.
i'd like a morning flight from newark to los angeles. i'd like a morning flight from newark to los angeles.
i'd like a flight from newark to los angeles evening flight from newark to los angeles. i'd like a flight from newark to la.
would like a flight that leaves on sunday from montreal quebec to san diego california california. i would like a flight that leaves on sunday from montreal quebec to san diego california.
i would like a flight on tuesday which leaves from san diego to indianapolis indianapolis and that leaves in the afternoon.
i would like to leave thursday morning from indianapolis to toronto.
i would like a flight on friday morning from toronto to montreal on friday morning from toronto to montreal.
would like to fly from cincinnati to burbank on american flight from cincinnati to burbank on american flight.
aircraft is used for the american flight leaving at 419pm?
need a flight leaving kansas city to chicago leaving next wednesday and returning the following day i need a flight leaving kansas city to chicago leaving next wednesday leaving next wednesday and returning the following day i need a flight leaving kansas city to chicago leaving next wednesday and returning the following day i need a flight leaving kansas city to chicago leaving next wednesday and
flights from long beach to st. louis flights from long beach to st. louis flights from long beach to st. louis flights from long beach to st. louis flights from long beach to st. louis flights from long beach to st. louis flights from long beach to st. louis flights from long beach to st. louis flights from long beach to st. louis flights from long beach to st. louis flights from
? What are the flights from memphis to las vegas?
? What are the flights from las vegas to ontario?
flights from ontario to memphis?
vegas airport?  quel type de transport terrestre y a-t-il à l'aéroport de las vegas?
is there taxi service at the airport ontario?
? What are the flights from tampa to milwaukee?
flights from milwaukee to seattle?
united? What are the flights from la guardia to san jose on united?
are the flights on mondays that travel from charlotte north carolina to phoenix arizona? What are the flights on mondays that travel from charlotte north carolina to phoenix arizona?
day from phoenix arizona to st. paul minnesota? What are the flights from phoenix arizona to st. paul minnesota on tuesday?
day? What are the flights on thursday leaving from st. paul minnesota to st. louis?
st. louis to charlotte north carolina flights departing on friday?
? What are the flights from boston to orlando that stop in new york?
need a morning flight from burbank to milwaukee on monday next monday.
night????????????????????
and a flight from st. louis to burbank that leaves tuesday afternoon that leaves tuesday afternoon that leaves tuesday afternoon. a flight from st. louis to burbank that leaves tuesday afternoon that leaves tuesday afternoon that leaves tuesday afternoon.
a flight leaving tuesday night from st. louis to burbank?
need a flight from salt lake to newark airport that arrives on saturday before 6pm on saturday before 6pm on saturday. i need a flight from salt lake to newark airport that arrives on saturday before 6pm on saturday before 6pm on saturday.
i'd like a flight from cincinnati to newark airport that arrives on saturday before 6pm on saturday. i'd like a flight from cincinnati to newark airport that arrives on saturday before 6pm on saturday.
i need a flight on american airlines from miami to chicago that arrives around 5pm.
need a flight from memphis to tacoma that goes through los angeles.
? What are the flights between cincinnati and san jose california which leave after 6pm?
flights between san jose and houston texas? What are the nonstop flights between san jose and houston texas?
what are the nonstop flights between houston and memphis between houston and memphis?
what are the flights between memphis and cincinnati on wednesday?
flights from newark to nashville?
flights from ontario to westchester, which stop in chicago, are the flights from ontario to westchester that stop in chicago.
list the flights from los angeles to charlotte.
list the flights from charlotte to newark.
list the flights from newark to los angeles flights.
.com. Bitte enlist the flights from cincinnati to burbank on american airlines.
if you have any questions, please send me the flights from kansas city to chicago on june 16th.
send me the flights from chicago to kansas city on june 17th, please give me the flights from chicago to kansas city on june 17th, please give me the flights from chicago to kansas city on june 17th, please give me the flights from chicago to kansas city on june 17th, please give me the flights from chicago to kansas city on june 17
list all the flights from kansas city to chicago on june 16th, please list all the flights from kansas city to chicago on june 16th, please list all the flights from kansas city to chicago on june 16th, june 16th, and please list all the flights from kansas city to chicago on june 16th, june 16th, and please list all the flights from 
list all the flights from chicago to kansas city on june 17th, please list all the flights from chicago to kansas city on june 17th, please list all the flights from chicago to kansas city on june 17th, please list all the flights from chicago to kansas city on june 17th, please list all the flights from chicago to kansas city on june 17
i'd like to travel from burbank to milwaukee from burbank to milwaukee.
a flight from cincinnati to new york on saturday before 6pm?
flights from salt lake city to new york saturday arriving before 6pm?
i'd like to fly from miami to chicago on american airlines arriving around 5pm a.m.
i'd like to travel from kansas city to chicago next wednesday. i'd like to travel from kansas city to chicago next wednesday.
i'd like a round trip flight from kansas city to chicago on wednesday may twenty sixth arriving at 7pm arriving at 7pm.
i'd like to find a flight from memphis to tacoma stopping in los angeles stopping in los angeles.
find flight from san diego to phoenix on monday am 05.03.2010 am 05.03.2010 am 05.03.2010 am 05.03.2010 am 05.03.2010 am 05.03.2010 am 05.03.2010 am 05.03.2010 am 05.03.2010 am 05.03.2010 am 05.03.2010 am 05.03.2010 am 05.03.2010 am 05.03.2010 am 05.03.2010 am 05.03.2010
day, find flight from phoenix to detroit on monday, find flight from phoenix to detroit on monday, find flight from phoenix to detroit on monday.
day, find flight from detroit to san diego on tuesday find flight from detroit to san diego on tuesday find flight from detroit to san diego on tuesday find flight from detroit to san diego on tuesday find flight from detroit to san diego on tuesday find flight from detroit to s
day, find flight from cincinnati to san jose on monday, find flight from cincinnati to san jose on monday.
find flight from san jose to houston on wednesday, wednesday, from san jose to houston, find flight from san jose to houston on wednesday.
day, 07:00 p.m.
find flight from memphis to cincinnati on sunday.
a flight from newark to nashville at 630pm.
flights will be available on flights from burbank to tacoma?
e, i book a flight from burbank to milwaukee.
- - - - - - - - - - - - - - - - - - - - - - - - - - - - - - - - - - - - - - - - - - - - - - - - - - - - - - - -
.com. I find all the flights from milwaukee to st. louis.
, st. louis, st. louis, burbank, st. louis, burbank, st. louis, burbank, st. louis, burbank, st. louis, burbank, st. louis, burbank, st. louis, burbank, st. louis, burbank, st. louis, burbank, burbank, burbank, burbank, burbank, burbank
is? Is there one airline that flies from burbank to milwaukee milwaukee milwaukee to st. louis and from st. louis to burbank?
, st. louis, st. louis, st. louis, st. louis, st. louis, st. louis, st. louis, st. louis, st. louis, st. louis, st. louis, st. louis, st. louis, st. louis, st. louis, st. louis
would like to book two flights to westchester county if i'd like to book two flights to westchester county.
want to book a flight from salt lake city to westchester county.
: (50) - (50) - (50) - (50) - (50) - (50) - (50) - (50) - (50) - (50) - (50) - (50) - (50) - (50) - (50) - (50) - (50) - (50) - (50) - (50) - (50) - (50) -
airlines flight from cincinnati to new york city on united airlines for next saturday saturday. i'd like to book a flight from cincinnati to new york city on united airlines for next saturday.
: 'All airports in the new york city area', ''All airports in the new york city area'', ''All airports in the new york city area'', ''All airports in the new york city area'', ''All airports in the new york city area'', ''All airports in the new york city area'', ''All airports in the new york city area'', ''All airports in
flights from cincinnati to any airport in new york city area that arrive next saturday before 6pm.
find me a flight from cincinnati to any airport in the new york city area.
i'd like to fly from miami to chicago on american airlines. i'd like to fly from miami to chicago on american airlines.
i would like to book a round trip flight from kansas city to chicago.
a flight that flies from memphis to tacoma.
